Faculty Name,Linked Page,Directory Page,University,Gender Estimates,Predicted Gender,Ethnicity Estimates,Predicted Ethnicity
Andrew Abbott,https://sociology.uchicago.edu/directory/andrew-abbott,https://socialsciences.uchicago.edu/directory/andrew-abbott,University of Chicago,"{'male': 0.0026449899918338945, 'female': 6.247411068438823e-05}",male,"{'black': 1.2762065343347213e-05, 'hispanic': 0.0007289264299109871, 'white': 0.9982667698247806, 'asian': 0.0009915416799653753}",white
Hussein Ali Agrama,https://anthropology.uchicago.edu/people/faculty/hussein-ali-agrama,https://socialsciences.uchicago.edu/directory/hussein-ali-agrama,Johns Hopkins University,"{'male': 0.00017690490071118668, 'female': 7.216521730498675e-05}",male,"{'black': 0.4991565502255744, 'hispanic': 0.0012331350421498867, 'white': 0.0035872512865682414, 'asian': 0.4960230634457074}",black
Ufuk Akcigit,https://economics.uchicago.edu/directory/ufuk-akcigit,https://socialsciences.uchicago.edu/directory/ufuk-akcigit,Massachusetts Institute of Technology,"{'male': 0.00037832300595860396, 'female': 4.494099593769031e-05}",male,"{'black': 0.7729406855525813, 'hispanic': 0.0018351540340753223, 'white': 0.22480399342746385, 'asian': 0.00042016698587963404}",black
Michael E. Albertus,https://political-science.uchicago.edu/directory/michael-albertus,https://socialsciences.uchicago.edu/directory/michael-e-albertus,Stanford University,"{'male': 0.0001651562449635517, 'female': 0.0001241940952345811}",male,"{'black': 9.080576736225078e-06, 'hispanic': 0.04571541390430379, 'white': 0.952744734561601, 'asian': 0.0015307709573589804}",white
Fredrik Albritton Jonsson,https://history.uchicago.edu/directory/fredrik-albritton-jonsson,https://socialsciences.uchicago.edu/directory/fredrik-albritton-jonsson,University of Chicago,"{'male': 0.0001309051215680644, 'female': 0.00010902031295066072}",male,"{'black': 1.8089737622892575e-05, 'hispanic': 0.0007990120410093858, 'white': 0.9976921672583854, 'asian': 0.0014907309629819958}",white
Guy S. Alitto,https://history.uchicago.edu/directory/guy-salvatore-alitto,https://socialsciences.uchicago.edu/directory/guy-s-alitto,Harvard University,"{'male': 0.0006378651628331092, 'female': 4.5836360239079363e-05}",male,"{'black': 0.002080943339319818, 'hispanic': 0.08698704951577232, 'white': 0.9092503735333867, 'asian': 0.0016816336115212424}",white
Fernando Alvarez,https://economics.uchicago.edu/directory/fernando-alvarez,https://socialsciences.uchicago.edu/directory/fernando-alvarez,University of Minnesota,"{'male': 0.35621962554926573, 'female': 7.639556056869696e-05}",male,"{'black': 2.867688813872781e-05, 'hispanic': 0.9995749511485614, 'white': 0.00022060767899675812, 'asian': 0.00017576428430291535}",hispanic
Clifford  Ando,https://history.uchicago.edu/directory/clifford-ando,https://socialsciences.uchicago.edu/directory/clifford-ando,University of Michigan,"{'male': 0.9896973055913217, 'female': 1.1202749652283765e-05}",male,"{'black': 0.00043405508027488996, 'hispanic': 0.029219713208407473, 'white': 0.9337934352774755, 'asian': 0.03655279643384208}",white
Luc Anselin,https://sociology.uchicago.edu/directory/luc-anselin,https://socialsciences.uchicago.edu/directory/luc-anselin,Cornell University,"{'male': 0.0020006895125465954, 'female': 0.013395327790072832}",female,"{'black': 1.2225872108618409e-05, 'hispanic': 0.14744778739449302, 'white': 0.8490607462571566, 'asian': 0.0034792404762418352}",white
Brett Baker,No Link,https://socialsciences.uchicago.edu/directory/brett-baker,Cornell University,"{'male': 0.00024178934699802803, 'female': 5.0070527750836013e-05}",male,"{'black': 1.1227919914110989e-05, 'hispanic': 0.0005585893332849067, 'white': 0.9986882205837168, 'asian': 0.0007419621630837995}",white
Chaevia Clendinen,No Link,https://socialsciences.uchicago.edu/directory/chaevia-clendinen,Cornell University,"{'male': 0.00032261207788267704, 'female': 0.00012273102160583661}",male,"{'black': 1.0573234695444835e-05, 'hispanic': 0.001827010051000024, 'white': 0.9959574741621309, 'asian': 0.002204942552173921}",white
Paul Fatula,No Link,https://socialsciences.uchicago.edu/directory/paul-fatula,Cornell University,"{'male': 1.2543697025903314e-05, 'female': 0.9991895339896316}",female,"{'black': 0.003530270736340878, 'hispanic': 0.08128939938605921, 'white': 0.9019760172672732, 'asian': 0.013204312610326948}",white
Jacqueline Hill,No Link,https://socialsciences.uchicago.edu/directory/jacqueline-hill,Cornell University,"{'male': 0.00015201675328087945, 'female': 0.9783456430507403}",female,"{'black': 1.5932852078943992e-05, 'hispanic': 0.0007492522106885013, 'white': 0.997877780574139, 'asian': 0.0013570343630935344}",white
Cathy Mican,No Link,https://socialsciences.uchicago.edu/directory/cathy-mican,Cornell University,"{'male': 0.004997764900158969, 'female': 0.04535537232887657}",female,"{'black': 7.715624352224538e-06, 'hispanic': 0.006818466309153427, 'white': 0.9911548225753906, 'asian': 0.002018995491103952}",white
Kelly Therese Pollock,No Link,https://socialsciences.uchicago.edu/directory/kelly-therese-pollock,Cornell University,"{'male': 0.00014064740372111555, 'female': 7.475305374338536e-05}",male,"{'black': 4.365158124794187e-05, 'hispanic': 0.0006944621509612525, 'white': 0.9984184565468015, 'asian': 0.0008434297209892853}",white
Lindsey Weglarz,No Link,https://socialsciences.uchicago.edu/directory/lindsey-weglarz,Cornell University,"{'male': 0.0004873389419209588, 'female': 4.326321668926497e-05}",male,"{'black': 9.942935249055106e-05, 'hispanic': 0.0014942054779909263, 'white': 0.9961472754712857, 'asian': 0.0022590896982328927}",white
Joshua Beck,No Link,https://socialsciences.uchicago.edu/directory/joshua-beck,Cornell University,"{'male': 0.9989499866417922, 'female': 2.4746856353832376e-05}",male,"{'black': 2.4201203404653747e-05, 'hispanic': 0.004458799365477729, 'white': 0.9881872959139052, 'asian': 0.007329703517212716}",white
Katie Kaftanich,No Link,https://socialsciences.uchicago.edu/directory/katie-kaftanich,Cornell University,"{'male': 0.0001846599743683869, 'female': 0.00012857337050751154}",male,"{'black': 7.014488148055655e-06, 'hispanic': 0.002537059080469822, 'white': 0.9946669373285174, 'asian': 0.0027889891028642804}",white
Rohit Rijhsinghani,No Link,https://socialsciences.uchicago.edu/directory/rohit-rijhsinghani,Cornell University,"{'male': 0.00011282929254156821, 'female': 0.00011093076968681179}",male,"{'black': 2.740912749638342e-06, 'hispanic': 2.352500428681523e-05, 'white': 0.00012780803497451561, 'asian': 0.9998459260479886}",asian
Yasmin Omer,No Link,https://socialsciences.uchicago.edu/directory/yasmin-omer,Cornell University,"{'male': 0.000433800518554288, 'female': 0.001490411364356812}",female,"{'black': 1.571164986440002e-06, 'hispanic': 5.409644825916651e-05, 'white': 0.00037048086670534136, 'asian': 0.9995738515200487}",asian
Elizabeth Braun Rush,No Link,https://socialsciences.uchicago.edu/directory/elizabeth-braun-rush,Cornell University,"{'male': 0.0001677962073860331, 'female': 0.0004594233558979691}",female,"{'black': 1.6240594786240334e-05, 'hispanic': 0.0074478947255991424, 'white': 0.9911317033715691, 'asian': 0.0014041613080457067}",white
Andreas Glaeser,https://sociology.uchicago.edu/directory/andreas-glaeser,https://socialsciences.uchicago.edu/directory/andreas-glaeser,Harvard University,"{'male': 0.002696524268790101, 'female': 3.518613913914069e-05}",male,"{'black': 1.8167569961303835e-05, 'hispanic': 0.000594149407168788, 'white': 0.9990169187777069, 'asian': 0.0003707642451634677}",white
Emilio H. Kouri,https://history.uchicago.edu/directory/emilio-kourí,https://socialsciences.uchicago.edu/directory/emilio-h-kouri,Harvard University,"{'male': 0.0002910426185016212, 'female': 0.0005998855793498859}",female,"{'black': 1.7341655435334173e-05, 'hispanic': 0.9730767037337039, 'white': 0.01163799131045598, 'asian': 0.015267963300405097}",hispanic
Joseph P. Masco,https://anthropology.uchicago.edu/people/faculty/joseph-masco,https://socialsciences.uchicago.edu/directory/joseph-p-masco,University of California,"{'male': 0.0003388191708894865, 'female': 4.7358684311569795e-05}",male,"{'black': 0.0005620308121619467, 'hispanic': 0.7318042634849388, 'white': 0.25854035056329283, 'asian': 0.009093355139606305}",hispanic
Robert  Shimer,https://economics.uchicago.edu/directory/robert-shimer,https://socialsciences.uchicago.edu/directory/robert-shimer,Massachusetts Institute of Technology,"{'male': 0.0005564376574537186, 'female': 3.7213432124538644e-05}",male,"{'black': 0.00014026609315044943, 'hispanic': 0.0018267981397882842, 'white': 0.9908236186115581, 'asian': 0.007209317155502861}",white
Mark Bradley,https://history.uchicago.edu/directory/mark-philip-bradley,https://socialsciences.uchicago.edu/directory/mark-bradley,Harvard University,"{'male': 0.859388840075697, 'female': 0.0001451142027941754}",male,"{'black': 1.8378933088996178e-05, 'hispanic': 0.000850620304181173, 'white': 0.9979892625603177, 'asian': 0.001141738202411901}",white
Howard C. Nusbaum,https://psychology.uchicago.edu/directory/howard-c-nusbaum,https://socialsciences.uchicago.edu/directory/howard-c-nusbaum,SUNY at Buffalo,"{'male': 0.00026888289482006697, 'female': 4.177662598538632e-05}",male,"{'black': 7.653805601049677e-06, 'hispanic': 0.0017585099287750136, 'white': 0.9875202657975327, 'asian': 0.010713570468090886}",white
James Evans,https://sociology.uchicago.edu/directory/james-evans,https://socialsciences.uchicago.edu/directory/james-evans,Stanford University,"{'male': 0.13359082913301523, 'female': 7.336877375584845e-05}",male,"{'black': 4.597627779799995e-05, 'hispanic': 0.000659147892689902, 'white': 0.9974657676883849, 'asian': 0.0018291081411273256}",white
Paul Staniland,https://political-science.uchicago.edu/directory/paul-staniland,https://socialsciences.uchicago.edu/directory/paul-staniland,Massachusetts Institute of Technology,"{'male': 0.002896082013599131, 'female': 0.00017106250579957956}",male,"{'black': 1.9003874388854196e-05, 'hispanic': 0.0006126597329863241, 'white': 0.9987081743942628, 'asian': 0.0006601619983622907}",white
Kathleen Belew,https://history.uchicago.edu/directory/kathleen-belew,https://socialsciences.uchicago.edu/directory/kathleen-belew,Yale University,"{'male': 0.0003170802167849779, 'female': 0.00020401848385393344}",male,"{'black': 1.9119721509509434e-05, 'hispanic': 0.0004451392497743699, 'white': 0.9990231849767782, 'asian': 0.0005125560519376226}",white
Benjamin Brooks,https://economics.uchicago.edu/directory/benjamin-brooks,https://socialsciences.uchicago.edu/directory/benjamin-brooks,Princeton University,"{'male': 0.996593759325537, 'female': 1.209059437149798e-05}",male,"{'black': 1.4412998866627591e-05, 'hispanic': 0.0017964829295507212, 'white': 0.996362458064577, 'asian': 0.001826646007005605}",white
Dain Borges,https://history.uchicago.edu/directory/dain-borges,https://socialsciences.uchicago.edu/directory/dain-borges,Stanford University,"{'male': 0.00017383295744880067, 'female': 0.00016524684927364934}",male,"{'black': 2.9007092386846934e-05, 'hispanic': 0.996568104057083, 'white': 0.002346060476213266, 'asian': 0.001056828374316931}",hispanic
Matthew M. Briones,https://history.uchicago.edu/directory/matthew-briones,https://socialsciences.uchicago.edu/directory/matthew-m-briones,Harvard University,"{'male': 0.0005548150417034885, 'female': 0.00016160946555189782}",male,"{'black': 1.0269175892471459e-05, 'hispanic': 0.006805266815422902, 'white': 0.9925350891671069, 'asian': 0.0006493748415773273}",white
P. Sean Brotherton,https://anthropology.uchicago.edu/people/faculty/sean-brotherton,https://socialsciences.uchicago.edu/directory/p-sean-brotherton,Gill University,"{'male': 0.000401940336806633, 'female': 7.234334270128954e-05}",male,"{'black': 1.1274816142816566e-05, 'hispanic': 0.0022759302571661883, 'white': 0.9960373604392228, 'asian': 0.0016754344874680205}",white
Rachel Lee Fulton Brown,https://history.uchicago.edu/directory/rachel-fulton-brown,https://socialsciences.uchicago.edu/directory/rachel-lee-fulton-brown,Columbia University,"{'male': 0.00014119710506358148, 'female': 7.493797537596055e-05}",male,"{'black': 5.7713361433005576e-05, 'hispanic': 0.0010138816494045997, 'white': 0.9962004880401357, 'asian': 0.0027279169490268974}",white
Ralph A. Austen,https://history.uchicago.edu/directory/ralph-austen,https://socialsciences.uchicago.edu/directory/ralph-austen,Harvard University,"{'male': 0.0002650395665847785, 'female': 0.0001139434863686905}",male,"{'black': 4.4420814496523976e-05, 'hispanic': 0.005452994434997051, 'white': 0.9925255398832619, 'asian': 0.0019770448672444675}",white
Alain Bresson,https://history.uchicago.edu/directory/alain-bresson,https://socialsciences.uchicago.edu/directory/alain-bresson-0,University of Franche,"{'male': 0.0005525035813088399, 'female': 0.0004909185410731952}",male,"{'black': 4.242585702087388e-05, 'hispanic': 0.0008863700340149694, 'white': 0.9985422338031262, 'asian': 0.0005289703058375169}",white
Robert A. Butler,No Link,https://socialsciences.uchicago.edu/directory/robert-butler,University of Franche,"{'male': 0.0002026938068570459, 'female': 6.080021154442663e-05}",male,"{'black': 3.9484274143075276e-05, 'hispanic': 0.000595329526901874, 'white': 0.9987112814882926, 'asian': 0.0006539047106624486}",white
Maria Manuel Carneiro Da Cunha,https://anthropology.uchicago.edu/people/emeritus-faculty/manuela-carneiro-da-cunha,https://socialsciences.uchicago.edu/directory/maria-manuel-carneiro-da-cunha,University of Campinas,"{'male': 9.544616977298656e-05, 'female': 0.00015357428018390336}",female,"{'black': 1.4920748336032518e-05, 'hispanic': 0.9997583860970907, 'white': 0.0001541481568828197, 'asian': 7.254499769011543e-05}",hispanic
Kathleen Conzen,https://history.uchicago.edu/directory/kathleen-neils-conzen,https://socialsciences.uchicago.edu/directory/kathleen-conzen,University of Wisconsin,"{'male': 0.0004990881117351271, 'female': 0.0016696076059227903}",female,"{'black': 9.544578484756459e-05, 'hispanic': 0.0004010812055154044, 'white': 0.9986844348779701, 'asian': 0.0008190381316669742}",white
Edward Cook,https://history.uchicago.edu/directory/edward-m-cook-jr,https://socialsciences.uchicago.edu/directory/edward-cook,Johns Hopkins University,"{'male': 0.021873729926726503, 'female': 0.0003669607289387163}",male,"{'black': 2.97130058816029e-05, 'hispanic': 0.0012168611546997516, 'white': 0.997087613432698, 'asian': 0.0016658124067207513}",white
John E. Craig,No Link,https://socialsciences.uchicago.edu/directory/john-e-craig,Johns Hopkins University,"{'male': 0.9544934169541179, 'female': 2.6975302982223324e-05}",male,"{'black': 1.194237470935079e-05, 'hispanic': 0.001936912039335648, 'white': 0.9972212109489255, 'asian': 0.0008299346370296032}",white
Leora Auslander,https://history.uchicago.edu/directory/leora-auslander,https://socialsciences.uchicago.edu/directory/leora-auslander,Brown University,"{'male': 0.056488655901986484, 'female': 0.0004214485561734445}",male,"{'black': 1.0715493591928497e-05, 'hispanic': 0.0006179112351958771, 'white': 0.0047383682771622365, 'asian': 0.99463300499405}",asian
Stephane Bonhomme,https://economics.uchicago.edu/directory/st%C3%A9phane-bonhomme,https://socialsciences.uchicago.edu/directory/stephane-bonhomme,University of Paris,"{'male': 0.00036826903901368877, 'female': 5.3291550190834754e-05}",male,"{'black': 0.00014965161406867554, 'hispanic': 0.0012386426167446702, 'white': 0.9979734846139671, 'asian': 0.0006382211552196276}",white
John W. Boyer,https://history.uchicago.edu/directory/john-w-boyer,https://socialsciences.uchicago.edu/directory/john-w-boyer,University of Chicago,"{'male': 0.0012756201670148719, 'female': 6.525985045251826e-05}",male,"{'black': 2.3746751665215777e-05, 'hispanic': 0.002593328380170351, 'white': 0.9950790717475738, 'asian': 0.002303853120590871}",white
Julie Y. Chu,https://anthropology.uchicago.edu/people/faculty/julie-chu,https://socialsciences.uchicago.edu/directory/julie-y-chu,New York University,"{'male': 4.481531596143426e-05, 'female': 0.9892467364288754}",female,"{'black': 5.050426649792777e-05, 'hispanic': 0.0014119322926215564, 'white': 0.9615396518586513, 'asian': 0.036997911582228975}",white
Michael Dietler,https://anthropology.uchicago.edu/people/faculty/michael-dietler,https://socialsciences.uchicago.edu/directory/michael-dietler,University of California,"{'male': 0.013067933883611549, 'female': 0.0001839077869669959}",male,"{'black': 9.151905799203458e-06, 'hispanic': 0.0010859425765266718, 'white': 0.997636985768568, 'asian': 0.0012679197491061553}",white
Michael A. Fisch,https://anthropology.uchicago.edu/people/faculty/michael-fisch,https://socialsciences.uchicago.edu/directory/michael-fisch,Columbia University,"{'male': 0.0001865253945806676, 'female': 8.048237290886742e-05}",male,"{'black': 4.826421383679586e-06, 'hispanic': 0.005870219866962648, 'white': 0.9926781299681854, 'asian': 0.0014468237434687326}",white
Leonardo Bursztyn,https://economics.uchicago.edu/directory/leonardo-bursztyn,https://socialsciences.uchicago.edu/directory/leonardo-bursztyn,Harvard University,"{'male': 0.00019228661463143498, 'female': 0.0002331530392836666}",female,"{'black': 4.1777971941171885e-06, 'hispanic': 0.9862786654271464, 'white': 0.01334463351824882, 'asian': 0.0003725232574106646}",hispanic
Manasi Deshpande,https://economics.uchicago.edu/directory/manasi-deshpande,https://socialsciences.uchicago.edu/directory/manasi-deshpande,Massachusetts Institute of Technology,"{'male': 0.00022544891294341932, 'female': 0.0001305913933387557}",male,"{'black': 1.8994811988122885e-06, 'hispanic': 4.1036562922869856e-05, 'white': 5.821933656782047e-05, 'asian': 0.9998988446193111}",asian
Michael Dinerstein,https://economics.uchicago.edu/directory/michael-dinerstein,https://socialsciences.uchicago.edu/directory/michael-dinerstein,Stanford University,"{'male': 0.8049687144568545, 'female': 8.337819626432715e-05}",male,"{'black': 9.981328778762558e-06, 'hispanic': 0.0009094195610312287, 'white': 0.9965223062869677, 'asian': 0.002558292823222677}",white
David W. Galenson,https://economics.uchicago.edu/directory/david-galenson,https://socialsciences.uchicago.edu/directory/david-w-galenson,Harvard University,"{'male': 0.0002730204364105551, 'female': 8.889037414131142e-05}",male,"{'black': 7.707324701860222e-06, 'hispanic': 0.0021077249794090357, 'white': 0.9970383175976814, 'asian': 0.0008462500982076958}",white
Mikhail Golosov,https://economics.uchicago.edu/directory/mikhail-golosov,https://socialsciences.uchicago.edu/directory/mikhail-golosov,University of Minnesota,"{'male': 0.00013982514080092062, 'female': 0.00012443922033213755}",male,"{'black': 1.729803868038623e-05, 'hispanic': 0.0005044819769585904, 'white': 0.9986278770031837, 'asian': 0.0008503429811769343}",white
Michael Greenstone,https://economics.uchicago.edu/directory/michael-greenstone,https://socialsciences.uchicago.edu/directory/michael-greenstone,Princeton University,"{'male': 0.00596417908859358, 'female': 0.00012024267556768025}",male,"{'black': 1.9180786241182782e-05, 'hispanic': 0.000857117988494518, 'white': 0.9981714289685559, 'asian': 0.0009522722567085131}",white
John J. Brehm,https://political-science.uchicago.edu/directory/john-brehm,https://socialsciences.uchicago.edu/directory/john-j-brehm,University of Michigan,"{'male': 0.9945549247580097, 'female': 1.915053602395733e-05}",male,"{'black': 0.00018319622422931358, 'hispanic': 0.0029553387388106733, 'white': 0.9922156680388261, 'asian': 0.004645796998134363}",white
Cathy Cohen,https://political-science.uchicago.edu/directory/cathy-cohen,https://socialsciences.uchicago.edu/directory/cathy-cohen,University of Michigan,"{'male': 0.001564084453943252, 'female': 0.0001223135616085828}",male,"{'black': 3.967468859872388e-05, 'hispanic': 0.0121274558821778, 'white': 0.9465692177777023, 'asian': 0.0412636516515212}",white
Andrew Eggers,https://political-science.uchicago.edu/directory/andrew-eggers,https://socialsciences.uchicago.edu/directory/andrew-eggers,Harvard University,"{'male': 0.0018808877411862423, 'female': 3.957865639368068e-05}",male,"{'black': 2.604347918967538e-05, 'hispanic': 0.0010156732242168776, 'white': 0.9978056995709187, 'asian': 0.0011525837256748455}",white
David Nirenberg,https://history.uchicago.edu/directory/david-nirenberg,https://socialsciences.uchicago.edu/directory/david-nirenberg,Princeton University,"{'male': 0.00028555069928775626, 'female': 5.139108639408647e-05}",male,"{'black': 7.134488370505912e-06, 'hispanic': 0.0027009076548439367, 'white': 0.9962792117088632, 'asian': 0.0010127461479225608}",white
Neil Brenner,https://sociology.uchicago.edu/directory/neil-brenner,https://socialsciences.uchicago.edu/directory/neil-brenner,University of Chicago,"{'male': 0.00238985053668876, 'female': 0.0007597322368010837}",male,"{'black': 1.9319612354679326e-05, 'hispanic': 0.0013402456187426633, 'white': 0.9968648259400454, 'asian': 0.001775608828857511}",white
Terry N. Clark,https://sociology.uchicago.edu/directory/terry-n-clark,https://socialsciences.uchicago.edu/directory/terry-n-clark,Columbia University,"{'male': 0.0004241059418173954, 'female': 4.275061727705941e-05}",male,"{'black': 6.371325518930297e-06, 'hispanic': 0.005604004626302755, 'white': 0.990192793416173, 'asian': 0.004196830632005186}",white
Elisabeth S. Clemens,https://sociology.uchicago.edu/directory/elisabeth-s-clemens,https://socialsciences.uchicago.edu/directory/elisabeth-s-clemens,University of Chicago,"{'male': 0.00016986757567034555, 'female': 6.560591472092983e-05}",male,"{'black': 1.6563464314533467e-05, 'hispanic': 0.0010246166862934885, 'white': 0.99851103201409, 'asian': 0.0004477878353019904}",white
Rene Flores,https://sociology.uchicago.edu/directory/ren%C3%A9-d-flores,https://socialsciences.uchicago.edu/directory/rene-flores,Princeton University,"{'male': 0.009815240815525043, 'female': 0.0002974618320596556}",male,"{'black': 7.68580572192079e-06, 'hispanic': 0.9946946297381589, 'white': 0.005144591126823805, 'asian': 0.00015309332929530056}",hispanic
Emily Osborn,https://history.uchicago.edu/directory/emily-lynn-osborn,https://socialsciences.uchicago.edu/directory/emily-osborn,Stanford University,"{'male': 0.000917009152940282, 'female': 0.0007631381412342122}",male,"{'black': 1.8122485913509127e-05, 'hispanic': 0.00042097524614556625, 'white': 0.9991299712631276, 'asian': 0.0004309310048127641}",white
Jenny Trinitapoli,https://sociology.uchicago.edu/directory/jenny-trinitapoli,https://socialsciences.uchicago.edu/directory/jenny-trinitapoli,University of Texas,"{'male': 0.0003159193853898752, 'female': 7.328262569408845e-05}",male,"{'black': 6.569039182315052e-06, 'hispanic': 0.003521653303869296, 'white': 0.9883837376796161, 'asian': 0.00808803997733227}",white
Brodwyn M. Fischer,https://history.uchicago.edu/directory/brodwyn-fischer,https://socialsciences.uchicago.edu/directory/brodwyn-m-fischer,Harvard University,"{'male': 0.00014105259452468278, 'female': 6.767611252024721e-05}",male,"{'black': 0.0003110486020150747, 'hispanic': 0.0007580300805423393, 'white': 0.9981545797532264, 'asian': 0.0007763415642158069}",white
James Heckman,https://economics.uchicago.edu/directory/james-j-heckman,https://socialsciences.uchicago.edu/directory/james-heckman,Princeton University,"{'male': 0.00047184559339076456, 'female': 7.360896286145637e-05}",male,"{'black': 1.3414821674727767e-05, 'hispanic': 0.0010483108313338934, 'white': 0.9970277077164443, 'asian': 0.0019105666305471748}",white
Thomas Holt,https://history.uchicago.edu/directory/thomas-c-holt,https://socialsciences.uchicago.edu/directory/thomas-holt,Yale University,"{'male': 0.13345057637060537, 'female': 4.573740665179693e-05}",male,"{'black': 1.8059701623462245e-05, 'hispanic': 0.0005112796045071898, 'white': 0.998788399294677, 'asian': 0.0006822613991918386}",white
Amy Dru Stanley,https://history.uchicago.edu/directory/amy-dru-stanley,https://socialsciences.uchicago.edu/directory/amy-dru-stanley,Yale University,"{'male': 0.000283236219722412, 'female': 9.772488032873823e-05}",male,"{'black': 1.0371158944354465e-05, 'hispanic': 0.0010186856710866737, 'white': 0.9980022749654054, 'asian': 0.0009686682045636871}",white
Lisa Wedeen,https://political-science.uchicago.edu/directory/lisa-wedeen,https://socialsciences.uchicago.edu/directory/lisa-wedeen,University of California,"{'male': 0.0010209346520437636, 'female': 0.2075773690295869}",female,"{'black': 7.451250074986487e-06, 'hispanic': 0.0009399810693342941, 'white': 0.9981322298616612, 'asian': 0.0009203378189295272}",white
Omar M. McRoberts,https://sociology.uchicago.edu/directory/omar-mcroberts,https://socialsciences.uchicago.edu/directory/omar-m-mcroberts,Harvard University,"{'male': 0.00026219008954430446, 'female': 0.00015032457500547975}",male,"{'black': 0.00010874954031314885, 'hispanic': 0.12850083704106213, 'white': 0.10953107749123255, 'asian': 0.7618593359273923}",asian
Adrian D. S. Johns,https://history.uchicago.edu/directory/adrian-johns,https://socialsciences.uchicago.edu/directory/adrian-d-s-johns,University of Cambridge,"{'male': 0.0002453540753703955, 'female': 0.00011497978823396387}",male,"{'black': 1.2431108340505502e-05, 'hispanic': 0.0026405299485828663, 'white': 0.9945333767848255, 'asian': 0.002813662158251103}",white
Karin Knorr Cetina,https://sociology.uchicago.edu/directory/karin-knorr-cetina,https://socialsciences.uchicago.edu/directory/karin-knorr-cetina,University of Vienna,"{'male': 0.00023323708404575112, 'female': 8.789765906459747e-05}",male,"{'black': 1.2721877964351469e-05, 'hispanic': 0.03191936410722021, 'white': 0.9673386847079636, 'asian': 0.0007292293068515878}",white
Michael Rossi,https://history.uchicago.edu/directory/michael-rossi,https://socialsciences.uchicago.edu/directory/michael-rossi,Massachusetts Institute of Technology,"{'male': 0.0007014288164961201, 'female': 0.00025636293184950164}",male,"{'black': 1.4182773872627495e-05, 'hispanic': 0.003853132762802291, 'white': 0.9951188773554757, 'asian': 0.0010138071078495431}",white
James T. Sparrow,https://history.uchicago.edu/directory/james-t-sparrow,https://socialsciences.uchicago.edu/directory/james-t-sparrow,Brown University,"{'male': 0.004807705255012899, 'female': 0.00023983336976324965}",male,"{'black': 1.084667238078822e-05, 'hispanic': 0.0006687289754845428, 'white': 0.998663693321547, 'asian': 0.0006567310305877609}",white
Steven Levitt,https://economics.uchicago.edu/directory/steve-levitt,https://socialsciences.uchicago.edu/directory/steven-levitt,Massachusetts Institute of Technology,"{'male': 0.0010003253452172682, 'female': 5.2149199308379796e-05}",male,"{'black': 1.3035247097550647e-05, 'hispanic': 0.0008286443601967766, 'white': 0.9982841080446493, 'asian': 0.0008742123480559712}",white
John List,https://economics.uchicago.edu/directory/john-list,https://socialsciences.uchicago.edu/directory/john-list,University of Wyoming,"{'male': 0.9959078300779224, 'female': 1.8066850111206283e-05}",male,"{'black': 3.822897559912466e-05, 'hispanic': 0.0029684418710573266, 'white': 0.9922914296841553, 'asian': 0.004701899469188575}",white
Derek A. Neal,https://economics.uchicago.edu/directory/derek-neal,https://socialsciences.uchicago.edu/directory/derek-neal,University of Virginia,"{'male': 0.03964391456209249, 'female': 0.000142880164679851}",male,"{'black': 2.8994078790873383e-05, 'hispanic': 0.0003722560720180876, 'white': 0.9989878760546245, 'asian': 0.0006108737945666411}",white
Michael P.  Conzen,https://mapss.uchicago.edu/directory/michael-p-conzen-0,https://socialsciences.uchicago.edu/directory/michael-p-conzen,University of Wisconsin,"{'male': 0.00021154965254462899, 'female': 5.5756243226430166e-05}",male,"{'black': 0.00041097729993677386, 'hispanic': 0.0009252604333488711, 'white': 0.9944862667925817, 'asian': 0.004177495474132569}",white
Ross M. Stolzenberg,https://sociology.uchicago.edu/directory/ross-m-stolzenberg,https://socialsciences.uchicago.edu/directory/ross-m-stolzenberg,University of Michigan,"{'male': 0.00014113690776887871, 'female': 8.705010143853425e-05}",male,"{'black': 9.67543558355618e-06, 'hispanic': 0.07158285024615232, 'white': 0.9130638542764274, 'asian': 0.015343620041836403}",white
Kazuo Yamaguchi,https://sociology.uchicago.edu/directory/kazuo-yamaguchi,https://socialsciences.uchicago.edu/directory/kazuo-yamaguchi,University of Chicago,"{'male': 0.0013578008418349626, 'female': 5.135311600403322e-05}",male,"{'black': 8.50702078723481e-06, 'hispanic': 1.456063778209293e-05, 'white': 4.563395265377823e-05, 'asian': 0.9999312983887766}",asian
Kaushik Sunder Rajan,https://anthropology.uchicago.edu/people/faculty//kaushik-sunder-rajan,https://socialsciences.uchicago.edu/directory/kaushik-sunder-rajan,Massachusetts Institute of Technology,"{'male': 0.00013147346449053794, 'female': 0.00012662890356091152}",male,"{'black': 3.6538951355939333e-06, 'hispanic': 3.2275886355509095e-05, 'white': 0.00010383302768680048, 'asian': 0.9998602371908216}",asian
Russell H. Tuttle,https://anthropology.uchicago.edu/people/faculty/russell-h-tuttle,https://socialsciences.uchicago.edu/directory/russell-h-tuttle,University of California,"{'male': 0.00028050724976490786, 'female': 5.466987150225923e-05}",male,"{'black': 1.5388100347000483e-05, 'hispanic': 0.0015652060607237676, 'white': 0.997130983072353, 'asian': 0.0012884227665765555}",white
Susan Gal,https://anthropology.uchicago.edu/people/faculty/susan-gal,https://socialsciences.uchicago.edu/directory/susan-gal,University of California,"{'male': 0.0010106368353836775, 'female': 0.0348425301664219}",female,"{'black': 6.639433419923461e-06, 'hispanic': 0.007552513174591035, 'white': 0.9648774223462152, 'asian': 0.027563425045773766}",white
Ryan Jobson,https://anthropology.uchicago.edu/people/faculty/ryan-jobson,https://socialsciences.uchicago.edu/directory/ryan-jobson,Yale University,"{'male': 0.5453447286418708, 'female': 0.0013384465984110077}",male,"{'black': 0.4101006376379567, 'hispanic': 0.0514988285776306, 'white': 0.3642555291452456, 'asian': 0.174145004639167}",black
John Kelly,https://anthropology.uchicago.edu/people/faculty/john-d-kelly,https://socialsciences.uchicago.edu/directory/john-kelly,University of Chicago,"{'male': 0.05633343038497891, 'female': 0.008910700442174496}",male,"{'black': 3.070293290071047e-05, 'hispanic': 0.0029243372545941734, 'white': 0.9940293061796818, 'asian': 0.0030156536328230623}",white
Jennifer Pitts,https://political-science.uchicago.edu/directory/jennifer-pitts,https://socialsciences.uchicago.edu/directory/jennifer-pitts,Harvard University,"{'male': 0.001067386808720826, 'female': 0.008375060580647931}",female,"{'black': 2.1604662377842173e-05, 'hispanic': 0.0004706479946383384, 'white': 0.9989257653617417, 'asian': 0.0005819819812419469}",white
Nathan Tarcov,https://political-science.uchicago.edu/directory/nathan-tarcov,https://socialsciences.uchicago.edu/directory/nathan-tarcov,Harvard University,"{'male': 0.0003145927604498762, 'female': 5.4356506625196194e-05}",male,"{'black': 2.1140781064252234e-05, 'hispanic': 0.00028358537698541634, 'white': 0.998867114548613, 'asian': 0.0008281592933375166}",white
Marco Garrido,https://sociology.uchicago.edu/directory/marco-garrido,https://socialsciences.uchicago.edu/directory/marco-garrido,University of Michigan,"{'male': 0.05392857955320504, 'female': 0.00013687910430933107}",male,"{'black': 8.678751304322012e-06, 'hispanic': 0.9956408931703621, 'white': 0.003980298776876531, 'asian': 0.000370129301456439}",hispanic
Darryl Li,https://anthropology.uchicago.edu/people/faculty/darryl-li,https://socialsciences.uchicago.edu/directory/darryl-li,Harvard University,"{'male': 0.36280942663497273, 'female': 0.001631348379523981}",male,"{'black': 7.6062923183534675e-06, 'hispanic': 0.0018350249562567884, 'white': 0.004334165826897636, 'asian': 0.9938232029245275}",asian
Sarah Newman,https://anthropology.uchicago.edu/people/faculty/Sarah-Newman,https://socialsciences.uchicago.edu/directory/sarah-newman,Brown University,"{'male': 0.0008324667115874179, 'female': 7.126807592657329e-05}",male,"{'black': 2.0694203883923106e-05, 'hispanic': 0.0005673591494717844, 'white': 0.9988710370376458, 'asian': 0.0005409096089988875}",white
Natacha Nsabimana,https://anthropology.uchicago.edu/people/faculty/natacha-nsabimana,https://socialsciences.uchicago.edu/directory/natacha-nsabimana,Columbia University,"{'male': 0.00028723363221223565, 'female': 7.946262524267575e-05}",male,"{'black': 0.9925310389265664, 'hispanic': 0.00032631039973396377, 'white': 0.000573464560623654, 'asian': 0.006569186113076076}",black
Kathryn Takabvirwa,https://anthropology.uchicago.edu/people/faculty/kathryn-takabvirwa,https://socialsciences.uchicago.edu/directory/kathryn-takabvirwa,Stanford University,"{'male': 0.00011822761497439982, 'female': 0.00021712877925958337}",female,"{'black': 0.05659539743266107, 'hispanic': 0.0008307973628440833, 'white': 0.9411268904509456, 'asian': 0.0014469147535493426}",white
Mareike Winchell,https://anthropology.uchicago.edu/people/faculty/mareike-winchell,https://socialsciences.uchicago.edu/directory/mareike-winchell,University of California,"{'male': 0.0021176263019760592, 'female': 0.07721798725898726}",female,"{'black': 1.7876042716198874e-05, 'hispanic': 0.0008513903349918671, 'white': 0.9981636181038761, 'asian': 0.0009671155184154864}",white
Thibaut B. Lamadon,https://economics.uchicago.edu/directory/thibaut-lamadon,https://socialsciences.uchicago.edu/directory/thibaut-b-lamadon,[],"{'male': 0.00024285884347395142, 'female': 4.910236377256168e-05}",male,"{'black': 0.00021704138728818214, 'hispanic': 0.02032802441686029, 'white': 0.7008434542646744, 'asian': 0.2786114799311772}",white
Simon Mongey,https://economics.uchicago.edu/directory/simon-mongey,https://socialsciences.uchicago.edu/directory/simon-mongey,New York University,"{'male': 0.000692773602192858, 'female': 0.0005413238690066618}",male,"{'black': 1.3337216706495753e-05, 'hispanic': 0.2952114472759208, 'white': 0.7040852838336715, 'asian': 0.000689931673700743}",white
Doron Ravid,https://economics.uchicago.edu/directory/doron-ravid,https://socialsciences.uchicago.edu/directory/doron-ravid,Princeton University,"{'male': 0.9687269377697836, 'female': 5.918100656892808e-05}",male,"{'black': 2.7538740464866546e-05, 'hispanic': 8.423037808556497e-05, 'white': 0.00024294334984431703, 'asian': 0.9996452875316056}",asian
Joseph Root,No Link,https://socialsciences.uchicago.edu/directory/joseph-root,Princeton University,"{'male': 0.9333793538766498, 'female': 7.949946446717396e-05}",male,"{'black': 3.2921183795543874e-05, 'hispanic': 0.004872294336393235, 'white': 0.9748371785586145, 'asian': 0.020257605921196683}",white
Max Tabord-Meehan,https://economics.uchicago.edu/directory/max-tabord-meehan,https://socialsciences.uchicago.edu/directory/max-tabord-meehan,Northwestern University,"{'male': 0.0001796168923018578, 'female': 5.6883952404309305e-05}",male,"{'black': 0.0009021401369897439, 'hispanic': 0.010669172189724158, 'white': 0.9847622469179337, 'asian': 0.0036664407553527604}",white
Alice Goff,https://history.uchicago.edu/directory/alice-m-goff,https://socialsciences.uchicago.edu/directory/alice-goff,University of California,"{'male': 0.0003461072041633894, 'female': 0.00010256722237363374}",male,"{'black': 5.7632461342514856e-05, 'hispanic': 0.019271412764844547, 'white': 0.9593912933137992, 'asian': 0.02127966146001374}",white
Mary Hicks,No Link,https://socialsciences.uchicago.edu/directory/mary-hicks,University of California,"{'male': 0.0034592627814265683, 'female': 0.0013472451211911664}",male,"{'black': 1.0420175066755404e-05, 'hispanic': 0.0015888989917577216, 'white': 0.997735911026522, 'asian': 0.0006647698066535511}",white
Emily Kern,No Link,https://socialsciences.uchicago.edu/directory/emily-kern,University of California,"{'male': 0.000914411466238239, 'female': 0.7604794521434789}",female,"{'black': 1.3433109694197895e-05, 'hispanic': 0.0013027261556780177, 'white': 0.958493919467514, 'asian': 0.0401899212671136}",white
Matthew Kruer,https://history.uchicago.edu/directory/matthew-kruer,https://socialsciences.uchicago.edu/directory/matthew-kruer,University of Pennsylvania,"{'male': 0.29489035019642856, 'female': 0.0010142207925702418}",male,"{'black': 1.57291794211289e-05, 'hispanic': 0.0008287278822324291, 'white': 0.9986374331813863, 'asian': 0.000518109756960147}",white
Gabriel Winant,https://history.uchicago.edu/directory/gabriel-winant,https://socialsciences.uchicago.edu/directory/gabriel-winant,Yale University,"{'male': 0.007156819759737442, 'female': 0.00025612254585327817}",male,"{'black': 2.3847930716312302e-05, 'hispanic': 0.9494166715384268, 'white': 0.047662559002492014, 'asian': 0.0028969215283654527}",hispanic
Robert  Gulotty,https://political-science.uchicago.edu/directory/robert-gulotty,https://socialsciences.uchicago.edu/directory/robert-gulotty,Stanford University,"{'male': 0.002011899787438763, 'female': 0.0004624155534019914}",male,"{'black': 0.0008046550884253461, 'hispanic': 0.002578107404284666, 'white': 0.9928790802648758, 'asian': 0.003738157242414143}",white
Matthew Landauer,https://political-science.uchicago.edu/directory/matthew-landauer,https://socialsciences.uchicago.edu/directory/matthew-landauer,Harvard University,"{'male': 0.8979978647980786, 'female': 0.00013231333742212605}",male,"{'black': 2.3231832664022627e-05, 'hispanic': 0.000650561852085124, 'white': 0.9990058916615315, 'asian': 0.0003203146537197854}",white
Constantine Nakassis,https://anthropology.uchicago.edu/people/faculty/constantine-v-nakassis,https://socialsciences.uchicago.edu/directory/constantine-nakassis,University of Pennsylvania,"{'male': 0.0001757610912281788, 'female': 8.285644807751413e-05}",male,"{'black': 5.378843669625544e-05, 'hispanic': 0.0016000782644457051, 'white': 0.996614873609507, 'asian': 0.0017312596893505102}",white
Francois  Richard,https://anthropology.uchicago.edu/people/faculty/francois-g-richard,https://socialsciences.uchicago.edu/directory/francois-richard,Syracuse University,"{'male': 0.9973422769257533, 'female': 8.249239591650529e-06}",male,"{'black': 2.4348949777385217e-05, 'hispanic': 0.00046195911834767136, 'white': 0.9988117145082126, 'asian': 0.000701977423662175}",white
Alice Yao,https://anthropology.uchicago.edu/people/faculty/alice-yao,https://socialsciences.uchicago.edu/directory/alice-yao,University of Michigan,"{'male': 0.00044398936690868697, 'female': 0.0008489043583278254}",female,"{'black': 3.1510251135177602e-06, 'hispanic': 5.283601144252417e-05, 'white': 0.0002447936641227928, 'asian': 0.9996992192993214}",asian
Jane E. Dailey,https://history.uchicago.edu/directory/jane-dailey,https://socialsciences.uchicago.edu/directory/jane-e-dailey,Princeton University,"{'male': 0.0013967838106262863, 'female': 0.00649676796644748}",female,"{'black': 0.00011236065630748462, 'hispanic': 0.047042061664837, 'white': 0.9078454695342653, 'asian': 0.04500010814458994}",white
Jacob Eyferth,https://history.uchicago.edu/directory/jacob-eyferth,https://socialsciences.uchicago.edu/directory/jacob-eyferth-0,Leiden University,"{'male': 0.0018413597119512747, 'female': 0.00019803725210717701}",male,"{'black': 7.260415610848482e-05, 'hispanic': 0.0066027397314184465, 'white': 0.8375976847636769, 'asian': 0.15572697134879612}",white
Eleonory Gilburd,https://history.uchicago.edu/directory/eleonory-gilburd,https://socialsciences.uchicago.edu/directory/eleonory-gilburd,University of California,"{'male': 0.0005991970228233083, 'female': 0.005817081691954678}",female,"{'black': 1.1894189933930224e-05, 'hispanic': 0.002613866095390523, 'white': 0.9955171732963698, 'asian': 0.0018570664183059041}",white
Adam Green,https://history.uchicago.edu/directory/adam-green,https://socialsciences.uchicago.edu/directory/adam-green,Yale University,"{'male': 0.11019898117974565, 'female': 0.08166572730196787}",male,"{'black': 1.4474651146218647e-05, 'hispanic': 0.0009836936373694622, 'white': 0.9979289302173786, 'asian': 0.0010729014941062123}",white
Faith C. Hillis,https://history.uchicago.edu/directory/faith-hillis,https://socialsciences.uchicago.edu/directory/faith-c-hillis,Yale University,"{'male': 0.0005082436674637527, 'female': 4.665955148799952e-05}",male,"{'black': 2.26407399174326e-05, 'hispanic': 0.0010229325402069313, 'white': 0.9979385264969769, 'asian': 0.0010159002228989804}",white
Sankar Muthu,https://political-science.uchicago.edu/directory/sankar-muthu,https://socialsciences.uchicago.edu/directory/sankar-muthu,Harvard University,"{'male': 0.00935808237015443, 'female': 0.0025494546574389783}",male,"{'black': 8.893051739716577e-06, 'hispanic': 4.1206241668714545e-05, 'white': 0.00020530197069771922, 'asian': 0.9997445987358942}",asian
Judith B. Farquhar,https://anthropology.uchicago.edu/people/emeritus-faculty/judith-farquhar,https://socialsciences.uchicago.edu/directory/judith-b-farquhar,University of Chicago,"{'male': 0.00012463273695992333, 'female': 8.801771945876442e-05}",male,"{'black': 2.860040596966529e-05, 'hispanic': 0.014587555661081178, 'white': 0.9048723565243193, 'asian': 0.08051148740863014}",white
James Fernandez,https://anthropology.uchicago.edu/people/emeritus-faculty/james-fernandez,https://socialsciences.uchicago.edu/directory/james-fernandez,Northwestern University,"{'male': 0.00032562622796216296, 'female': 4.7085399186182984e-05}",male,"{'black': 6.217236190417512e-06, 'hispanic': 0.9964556033308383, 'white': 0.002574214698648983, 'asian': 0.0009639647343219868}",hispanic
McKim Marriott,https://anthropology.uchicago.edu/people/emeritus-faculty/mckim-marriott,https://socialsciences.uchicago.edu/directory/mckim-marriott,University of Chicago,"{'male': 0.0009238724227440907, 'female': 5.0543360146374014e-05}",male,"{'black': 1.0677091680789906e-05, 'hispanic': 0.001339790323049744, 'white': 0.997889395625979, 'asian': 0.0007601369592901774}",white
John A. Lucy,https://humdev.uchicago.edu/directory/john-lucy,https://socialsciences.uchicago.edu/directory/john-lucy,University of Chicago,"{'male': 0.9948594422963822, 'female': 4.2167116732644545e-05}",male,"{'black': 1.414502780881825e-05, 'hispanic': 0.002088137708919292, 'white': 0.9966822824977359, 'asian': 0.0012154347655359244}",white
Susan B. Stodolsky,No Link,https://socialsciences.uchicago.edu/directory/susan-b-stodolsky,University of Chicago,"{'male': 0.00010254596364602932, 'female': 0.00010693697621793679}",female,"{'black': 1.1705765621870053e-05, 'hispanic': 0.0005565281701393817, 'white': 0.9987920711071859, 'asian': 0.0006396949570527516}",white
Arnold C. Harberger,https://economics.uchicago.edu/directory/arnold-c-harberger,https://socialsciences.uchicago.edu/directory/arnold-c-harberger,University of Chicago,"{'male': 0.00012848907893151694, 'female': 9.38478620066213e-05}",male,"{'black': 1.177837698802578e-05, 'hispanic': 0.0005518413669780282, 'white': 0.9987561345302056, 'asian': 0.0006802457258281655}",white
Robert E. Lucas,https://economics.uchicago.edu/directory/robert-e-lucas-jr,https://socialsciences.uchicago.edu/directory/robert-e-lucas,University of Chicago,"{'male': 0.0007452320702824077, 'female': 4.6951792520940765e-05}",male,"{'black': 4.9978908882430934e-05, 'hispanic': 0.002331756428591013, 'white': 0.9966565170778829, 'asian': 0.0009617475846438809}",white
Lester G. Telser,https://economics.uchicago.edu/directory/lester-g-telser,https://socialsciences.uchicago.edu/directory/lester-g-telser,University of Chicago,"{'male': 0.0003496157445782046, 'female': 3.71614419202705e-05}",male,"{'black': 3.751347116295935e-05, 'hispanic': 0.002865630635888266, 'white': 0.9929707148006143, 'asian': 0.004126141092334461}",white
Prasenjit Duara,https://history.uchicago.edu/directory/prasenjit-duara,https://socialsciences.uchicago.edu/directory/prasenjit-duara,Harvard University,"{'male': 0.000286582495560087, 'female': 6.0084089166320855e-05}",male,"{'black': 3.3113426194897634e-06, 'hispanic': 2.4574302795648867e-05, 'white': 0.00016131645826909194, 'asian': 0.9998107978963156}",asian
Constantin Fasolt,https://history.uchicago.edu/directory/constantin-fasolt,https://socialsciences.uchicago.edu/directory/constantin-fasolt,Columbia University,"{'male': 0.0003027080932554431, 'female': 5.1644651719199084e-05}",male,"{'black': 1.588618292588573e-05, 'hispanic': 0.0014975546958719155, 'white': 0.9977346563940188, 'asian': 0.0007519027271834369}",white
Jan Ellen Goldstein,https://history.uchicago.edu/directory/jan-goldstein,https://socialsciences.uchicago.edu/directory/jan-ellen-goldstein,Columbia University,"{'male': 0.0005669799290165878, 'female': 9.150154447775499e-05}",male,"{'black': 1.5351736612681373e-05, 'hispanic': 0.0006557117990641699, 'white': 0.9970902550968576, 'asian': 0.002238681367465421}",white
Hanna Gray,https://history.uchicago.edu/directory/hanna-holborn-gray,https://socialsciences.uchicago.edu/directory/hanna-gray,Harvard University,"{'male': 0.0018044562042250285, 'female': 0.0002667462240435318}",male,"{'black': 1.1098572014494793e-05, 'hispanic': 0.0013913322945657454, 'white': 0.9973220220282978, 'asian': 0.0012755471051223975}",white
Charles Lipson,https://political-science.uchicago.edu/directory/charles-lipson,https://socialsciences.uchicago.edu/directory/charles-lipson,Harvard University,"{'male': 0.001968987362355225, 'female': 9.878534217197849e-05}",male,"{'black': 1.1211762461759677e-05, 'hispanic': 0.002263919694638621, 'white': 0.9967913379361371, 'asian': 0.0009335306067628606}",white
William Sewell,https://history.uchicago.edu/directory/william-h-sewell-jr,https://socialsciences.uchicago.edu/directory/william-sewell,University of California,"{'male': 0.9433483157532653, 'female': 7.534272662059499e-05}",male,"{'black': 0.9153058294165983, 'hispanic': 0.007506235781974767, 'white': 0.07394906841868645, 'asian': 0.0032388663827405454}",black
William Mazzarella,https://anthropology.uchicago.edu/people/faculty/william-mazzarella,https://socialsciences.uchicago.edu/directory/william-mazzarella,University of California,"{'male': 0.0022905896294116938, 'female': 0.007426463932707125}",female,"{'black': 1.2242166326389702e-05, 'hispanic': 0.0007629354241298566, 'white': 0.9987122294168623, 'asian': 0.0005125929926815669}",white
Lars Peter Hansen,https://economics.uchicago.edu/directory/lars-peter-hansen,https://socialsciences.uchicago.edu/directory/lars-peter-hansen,University of MInnesota,"{'male': 0.00023818085904970772, 'female': 6.750328688223182e-05}",male,"{'black': 8.340097656027928e-05, 'hispanic': 0.001418745294531881, 'white': 0.9962300293048298, 'asian': 0.0022678244240778227}",white
Ali Hortaçsu,https://economics.uchicago.edu/directory/ali-hortacsu,https://socialsciences.uchicago.edu/directory/ali-hortacsu,Stanford University,"{'male': 0.0006524999712061265, 'female': 4.291489748588372e-05}",male,"{'black': 0.9994092927929863, 'hispanic': 0.00019566100675437044, 'white': 0.0002573028905466509, 'asian': 0.00013774330971233614}",black
Susan L. Burns,https://history.uchicago.edu/directory/susan-l-burns,https://socialsciences.uchicago.edu/directory/susan-l-burns,University of Chicago,"{'male': 0.0003644595741916956, 'female': 4.801301275912868e-05}",male,"{'black': 1.1499117595977026e-05, 'hispanic': 0.000824760006900326, 'white': 0.9981379937996359, 'asian': 0.001025747075867469}",white
Dipesh Chakrabarty,https://history.uchicago.edu/directory/dipesh-chakrabarty,https://socialsciences.uchicago.edu/directory/dipesh-chakrabarty,Australian National University,"{'male': 0.0004217583412428592, 'female': 8.327235449597417e-05}",male,"{'black': 5.356447681027497e-06, 'hispanic': 2.0167686380328874e-05, 'white': 9.90558394945602e-05, 'asian': 0.9998754200264438}",asian
Paul B. Cheney,https://history.uchicago.edu/directory/paul-cheney,https://socialsciences.uchicago.edu/directory/paul-b-cheney,Columbia University,"{'male': 0.00022539221011803372, 'female': 6.177806700921346e-05}",male,"{'black': 2.9047535641988563e-05, 'hispanic': 0.008515913393754978, 'white': 0.9828914674151986, 'asian': 0.008563571655404651}",white
Bruce Cumings,https://history.uchicago.edu/directory/bruce-cumings,https://socialsciences.uchicago.edu/directory/bruce-cumings,Columbia University,"{'male': 0.0008146366564592834, 'female': 0.00016747571878318888}",male,"{'black': 1.6181868905211413e-05, 'hispanic': 0.02639953439549477, 'white': 0.9690252102649591, 'asian': 0.0045590734706405225}",white
Cornell Fleischer,https://history.uchicago.edu/directory/cornell-h-fleischer,https://socialsciences.uchicago.edu/directory/cornell-fleischer-0,Princeton University,"{'male': 0.00020532367500794343, 'female': 6.905210930010392e-05}",male,"{'black': 2.5756020962103817e-05, 'hispanic': 0.0012477189951799808, 'white': 0.9984704683963382, 'asian': 0.0002560565875198566}",white
John P. McCormick,https://political-science.uchicago.edu/directory/john-mccormick,https://socialsciences.uchicago.edu/directory/john-p-mccormick,University of Chicago,"{'male': 0.00019005876639250615, 'female': 0.00022352553672549922}",female,"{'black': 1.833724238057143e-05, 'hispanic': 0.0008496117205898061, 'white': 0.9977953247526601, 'asian': 0.0013367262843692002}",white
Eric Oliver,https://political-science.uchicago.edu/directory/eric-oliver,https://socialsciences.uchicago.edu/directory/eric-oliver,University of California,"{'male': 0.0010920252279044177, 'female': 0.00018956468698507164}",male,"{'black': 1.2550476042760114e-05, 'hispanic': 0.011728909564675377, 'white': 0.9864144356854725, 'asian': 0.0018441042738093314}",white
John Levi Martin,https://sociology.uchicago.edu/directory/john-levi-martin,https://socialsciences.uchicago.edu/directory/john-levi-martin,University of California,"{'male': 0.36381167265766917, 'female': 0.0001236856847540079}",male,"{'black': 3.7511238150211554e-05, 'hispanic': 0.047986534682672215, 'white': 0.915160655366601, 'asian': 0.03681529871257656}",white
Sneha  Annavarapu,https://sociology.uchicago.edu/content/postdoctoral-researchers,https://socialsciences.uchicago.edu/directory/sneha-annavarapu,University of Chicago,"{'male': 0.0003389040348095051, 'female': 5.527814550208462e-05}",male,"{'black': 1.0634569423489663e-05, 'hispanic': 0.0014034962341958695, 'white': 0.05813060151471423, 'asian': 0.9404552676816668}",asian
William G. Howell,https://political-science.uchicago.edu/directory/william-howell,https://socialsciences.uchicago.edu/directory/william-g-howell,Stanford University,"{'male': 0.0003965138118744962, 'female': 5.174175718818574e-05}",male,"{'black': 1.0665952140750218e-05, 'hispanic': 0.0016086901714814732, 'white': 0.9978065443510672, 'asian': 0.0005740995253102353}",white
Gabriel Lear,https://socialthought.uchicago.edu/directory/gabriel-richardson-lear,https://socialsciences.uchicago.edu/directory/gabriel-lear,Princeton University,"{'male': 0.38666903075598263, 'female': 0.2693291316787719}",male,"{'black': 6.36218553730572e-06, 'hispanic': 0.9990294644831264, 'white': 0.0006174702362398522, 'asian': 0.00034670309509642836}",hispanic
Michaela Appeltova,https://history.uchicago.edu/directory/michaela-m%C3%AD%C5%A1a-appeltov%C3%A1,https://socialsciences.uchicago.edu/directory/michaela-appeltova,University of Chicago,"{'male': 0.00016334078165824512, 'female': 6.898027505895126e-05}",male,"{'black': 5.5894390497596665e-05, 'hispanic': 0.0002723530919025391, 'white': 0.999313367131246, 'asian': 0.00035838538635369347}",white
Evelyn Atkinson,No Link,https://socialsciences.uchicago.edu/directory/evelyn-atkinson,University of Chicago,"{'male': 0.0006100121222439702, 'female': 0.0002980185378788314}",male,"{'black': 1.29849955900382e-05, 'hispanic': 0.001972116196689771, 'white': 0.9969482244418071, 'asian': 0.0010666743659127507}",white
Zachary Barr,No Link,https://socialsciences.uchicago.edu/directory/zachary-barr,University of Chicago,"{'male': 0.9779211996247054, 'female': 5.8015268796052886e-05}",male,"{'black': 1.600752075109508e-05, 'hispanic': 0.00039298805121561154, 'white': 0.9987809534929263, 'asian': 0.000810050935106667}",white
Ingrid D. Becker,No Link,https://socialsciences.uchicago.edu/directory/ingrid-d-becker,University of Chicago,"{'male': 0.0005616546492183245, 'female': 0.0001074495273641843}",male,"{'black': 8.79270059529687e-06, 'hispanic': 0.001600276253253641, 'white': 0.9980773652664652, 'asian': 0.00031356577968620126}",white
Emily Bock,No Link,https://socialsciences.uchicago.edu/directory/emily-bock,University of Chicago,"{'male': 0.0014918040185844155, 'female': 0.00023062926977995612}",male,"{'black': 2.4012803666633774e-05, 'hispanic': 0.0003970191222145743, 'white': 0.9989018999222844, 'asian': 0.0006770681518340482}",white
Kyla Bourne,No Link,https://socialsciences.uchicago.edu/directory/kyla-bourne,University of Chicago,"{'male': 0.0013355744712906586, 'female': 0.0007104496802733401}",male,"{'black': 5.500857172993565e-05, 'hispanic': 0.20604201237236136, 'white': 0.7888092354218718, 'asian': 0.005093743634036912}",white
Manuel Cabal,No Link,https://socialsciences.uchicago.edu/directory/manuel-cabal,University of Chicago,"{'male': 0.14441250441612996, 'female': 0.0003287140215168709}",male,"{'black': 2.8228240966514257e-05, 'hispanic': 0.9993890315272121, 'white': 0.00042697672917491096, 'asian': 0.0001557635026465659}",hispanic
Nick  Campbell-Seremetis,https://www.nickcs.net/,https://socialsciences.uchicago.edu/directory/nick-campbell-seremetis,University of Chicago,"{'male': 0.00013626575271735044, 'female': 7.214183172815325e-05}",male,"{'black': 2.527006897662612e-05, 'hispanic': 0.000882541239376331, 'white': 0.9982385954249886, 'asian': 0.000853593266658272}",white
Carlos Cardenas-Iniguez,No Link,https://socialsciences.uchicago.edu/directory/carlos-cardenas-iniguez,University of Chicago,"{'male': 0.00014223331875387965, 'female': 6.468823323512806e-05}",male,"{'black': 3.744597016304946e-05, 'hispanic': 0.9997372935725307, 'white': 7.769136707750751e-05, 'asian': 0.00014756909022864341}",hispanic
Wilma A. Bainbridge,https://psychology.uchicago.edu/directory/wilma-bainbridge,https://socialsciences.uchicago.edu/directory/wilma-bainbridge,University of Tokyo,"{'male': 0.00013787807695584314, 'female': 0.000282761519899273}",female,"{'black': 1.0178274000469034e-05, 'hispanic': 0.003639583118841394, 'white': 0.9946801842878051, 'asian': 0.0016700543193528409}",white
Ruth Bloch Rubin,https://political-science.uchicago.edu/directory/ruth-bloch-rubin,https://socialsciences.uchicago.edu/directory/ruth-bloch-rubin,University of California,"{'male': 0.00016810792667373454, 'female': 7.670323977971129e-05}",male,"{'black': 4.762763472682318e-06, 'hispanic': 0.005731926868967337, 'white': 0.9874617236258042, 'asian': 0.006801586741756151}",white
Austin Carson,https://political-science.uchicago.edu/directory/austin-carson,https://socialsciences.uchicago.edu/directory/austin-carson,Princeton University,"{'male': 0.020682578506384292, 'female': 0.00013407174888334237}",male,"{'black': 2.3933231004321513e-05, 'hispanic': 0.001162650359699197, 'white': 0.9977498869990983, 'asian': 0.0010635294101976878}",white
Natalja Czarnecki,https://voices.uchicago.edu/nataljaczarnecki/,https://socialsciences.uchicago.edu/directory/natalja-czarnecki,University of Chicago,"{'male': 0.00034562267332436194, 'female': 5.894080018891417e-05}",male,"{'black': 1.3816560966997344e-05, 'hispanic': 0.0031507826550982777, 'white': 0.9960669864761627, 'asian': 0.0007684143077721149}",white
Ashley Drake,https://chicago.academia.edu/AshleyDrake,https://socialsciences.uchicago.edu/directory/ashley-drake,University of Chicago,"{'male': 0.004153260562469041, 'female': 0.05379482601791163}",female,"{'black': 1.1382982487436888e-05, 'hispanic': 0.0009413469563651853, 'white': 0.998104761388329, 'asian': 0.0009425086728185543}",white
Terra Edwards,No Link,https://socialsciences.uchicago.edu/directory/terra-edwards,University of Chicago,"{'male': 0.0016311079527754943, 'female': 9.628588256145456e-05}",male,"{'black': 1.0064753123888516e-05, 'hispanic': 0.002382619220849764, 'white': 0.9965699373122924, 'asian': 0.0010373787137337314}",white
Mark Deming,http://www.markdeming.net/,https://socialsciences.uchicago.edu/directory/mark-deming,University of Chicago,"{'male': 0.07184585670987044, 'female': 0.0006832044823714949}",male,"{'black': 0.0005323607985509331, 'hispanic': 0.0008883257078668803, 'white': 0.9959824612992452, 'asian': 0.0025968521943370345}",white
Jonathan Lear,https://socialthought.uchicago.edu/directory/jonathan-lear,https://socialsciences.uchicago.edu/directory/jonathan-lear,Cambridge University,"{'male': 0.9983259208678715, 'female': 2.134454477100333e-05}",male,"{'black': 2.650558241925741e-05, 'hispanic': 0.2643615691510685, 'white': 0.2845677054636423, 'asian': 0.4510442198028698}",asian
Rachel Glennerster,https://rglennerster.ssd.uchicago.edu/,https://socialsciences.uchicago.edu/directory/rachel-glennerster,University of London,"{'male': 0.00025774574878460055, 'female': 5.834599977464854e-05}",male,"{'black': 3.904752125956369e-05, 'hispanic': 0.001363746496315666, 'white': 0.9946470264153086, 'asian': 0.003950179567116216}",white
Deirdre Lyons,https://history.uchicago.edu/directory/deirdre-lyons,https://socialsciences.uchicago.edu/directory/deirdre-lyons,University of Chicago,"{'male': 0.006629824110939881, 'female': 0.0017754507214612556}",male,"{'black': 2.1303669757810335e-05, 'hispanic': 0.0012851354178988626, 'white': 0.9977577316762477, 'asian': 0.0009358292360959249}",white
Victoria Nguyen,No Link,https://socialsciences.uchicago.edu/directory/victoria-nguyen,University of Chicago,"{'male': 0.00031866274637619196, 'female': 0.0004548839953895087}",female,"{'black': 3.0163534249344758e-05, 'hispanic': 0.013728882843508757, 'white': 0.958596629846101, 'asian': 0.027644323776140546}",white
Jill M. Mateo,https://humdev.uchicago.edu/directory/jill-mateo,https://socialsciences.uchicago.edu/directory/jill-m-mateo,University of Michigan,"{'male': 0.004580445328242421, 'female': 9.550340156087267e-05}",male,"{'black': 0.998096911858724, 'hispanic': 0.0012458493996416664, 'white': 0.0005781272563542873, 'asian': 7.91114852797198e-05}",black
Scott Gehlbach,https://political-science.uchicago.edu/directory/scott-gehlbach,https://socialsciences.uchicago.edu/directory/scott-gehlbach,University of California,"{'male': 0.00016124447651677624, 'female': 7.437434639444819e-05}",male,"{'black': 2.1099122343934722e-05, 'hispanic': 0.0006290225909166095, 'white': 0.9988701650021421, 'asian': 0.0004797132845974643}",white
Adom Getachew,https://political-science.uchicago.edu/directory/adom-getachew,https://socialsciences.uchicago.edu/directory/adom-getachew,Yale University,"{'male': 0.0006782075143012018, 'female': 5.14689108875497e-05}",male,"{'black': 0.9998180226594162, 'hispanic': 2.8852844112591912e-05, 'white': 0.0001317823426387824, 'asian': 2.134215383259201e-05}",black
Mennatallah Khalil,https://anthropology.uchicago.edu/people/graduate-students,https://socialsciences.uchicago.edu/directory/mennatallah-khalil,University of Chicago,"{'male': 0.00017403360155748165, 'female': 7.222810994935663e-05}",male,"{'black': 7.026298592232229e-06, 'hispanic': 7.643342095211083e-05, 'white': 0.0005586918973786157, 'asian': 0.9993578483830771}",asian
Patrick Lewis,No Link,https://socialsciences.uchicago.edu/directory/patrick-lewis,University of Chicago,"{'male': 0.458040301854443, 'female': 0.00025106668734602535}",male,"{'black': 0.00021275987476504846, 'hispanic': 0.002366789673516013, 'white': 0.9917255053632119, 'asian': 0.005694945088506876}",white
Erin  McFee,https://erinmcfee.com/,https://socialsciences.uchicago.edu/directory/erin-mcfee,University of Chicago,"{'male': 0.0007253395966723832, 'female': 0.00012030428415329693}",male,"{'black': 1.7632439847452497e-05, 'hispanic': 0.001030309674650371, 'white': 0.9960454076352493, 'asian': 0.0029066502502526543}",white
Amy Coombs,https://history.uchicago.edu/directory/amy-coombs,https://socialsciences.uchicago.edu/directory/amy-coombs,The University,"{'male': 0.0020818177740960352, 'female': 0.0004031269445389709}",male,"{'black': 2.516987350272728e-05, 'hispanic': 0.0014931499946394422, 'white': 0.9972282283148833, 'asian': 0.0012534518169739029}",white
Lily Huang,No Link,https://socialsciences.uchicago.edu/directory/lily-huang,University of Chicago,"{'male': 0.00017310774485454705, 'female': 7.439658835160353e-05}",male,"{'black': 3.93879526798312e-06, 'hispanic': 2.6689292206372368e-05, 'white': 0.00013126632639297528, 'asian': 0.9998381055861332}",asian
Jaewoong Jeon,https://history.uchicago.edu/directory/jaewoong-jeon,https://socialsciences.uchicago.edu/directory/jaewoong-jeon,University of Chicago,"{'male': 0.019281090867743038, 'female': 0.00031949047243946566}",male,"{'black': 4.687231693556962e-06, 'hispanic': 2.510591387688387e-05, 'white': 0.0002637958296796025, 'asian': 0.9997064110247503}",asian
Naama Maor,https://history.uchicago.edu/directory/naama-maor,https://socialsciences.uchicago.edu/directory/naama-maor,University of Chicago,"{'male': 0.012067693597047824, 'female': 0.0018493502813079661}",male,"{'black': 0.00016263889041319513, 'hispanic': 0.0011940308817513417, 'white': 0.00178591401815357, 'asian': 0.9968574162096824}",asian
Yasmeen Mekawy,https://political-science.uchicago.edu/directory/yasmeen-mekawy,https://socialsciences.uchicago.edu/directory/yasmeen-mekawy,University of Chicago,"{'male': 6.075055799610132e-05, 'female': 0.9978577061208189}",female,"{'black': 0.00010812239307700062, 'hispanic': 0.0006412921964375007, 'white': 0.001115394107485426, 'asian': 0.9981351913029997}",asian
Lucas  Pinheiro,http://lucasgpinheiro.com/,https://socialsciences.uchicago.edu/directory/lucas-pinheiro,University of Chicago,"{'male': 0.0004422255215085952, 'female': 4.7552024926156e-05}",male,"{'black': 1.6357675243953064e-05, 'hispanic': 0.999698812510781, 'white': 0.0001446998223371856, 'asian': 0.00014012999163774247}",hispanic
Kimberly Lewis Meidenbauer,https://voices.uchicago.edu/bermanlab/kim-lewis-bio/,https://socialsciences.uchicago.edu/directory/kimberly-lewis-meidenbauer,University of Chicago,"{'male': 0.00010906119792354355, 'female': 0.00010210319854063597}",male,"{'black': 3.298639959607653e-05, 'hispanic': 0.0005649648656431222, 'white': 0.9989966390534442, 'asian': 0.0004054096813166424}",white
Anne Karing,No Link,https://socialsciences.uchicago.edu/directory/anne-karing,University of California,"{'male': 0.000594559085583285, 'female': 0.00013183056546011527}",male,"{'black': 1.5993983158508284e-05, 'hispanic': 0.0005662164114896958, 'white': 0.9989332164544343, 'asian': 0.0004845731509174931}",white
Demetra Kasimis,https://political-science.uchicago.edu/directory/demetra-kasimis,https://socialsciences.uchicago.edu/directory/demetra-kasimis,Columbia University,"{'male': 0.0007835148341598041, 'female': 8.673103991740291e-05}",male,"{'black': 1.1837674670758466e-05, 'hispanic': 0.008914525566930941, 'white': 0.990022380061423, 'asian': 0.0010512566969750807}",white
Monica Rosenberg,https://psychology.uchicago.edu/directory/monica-rosenberg,https://socialsciences.uchicago.edu/directory/monica-rosenberg,Yale University,"{'male': 0.00012615614737976572, 'female': 9.459798439586542e-05}",male,"{'black': 1.1641400606260696e-05, 'hispanic': 0.0010886772091081608, 'white': 0.9959646296509694, 'asian': 0.002935051739316469}",white
Benjamin Lessing,https://political-science.uchicago.edu/directory/benjamin-lessing,https://socialsciences.uchicago.edu/directory/benjamin-lessing,University of California,"{'male': 0.9977902980815737, 'female': 1.2772249060710855e-05}",male,"{'black': 2.0148325506592245e-05, 'hispanic': 0.0021899322350277433, 'white': 0.995484088569843, 'asian': 0.002305830869622287}",white
Jon Rogowski,https://political-science.uchicago.edu/directory/jon-rogowski,https://socialsciences.uchicago.edu/directory/jon-rogowski,University of Chicago,"{'male': 0.0002790448052707808, 'female': 8.842774254647805e-05}",male,"{'black': 1.613413192778488e-05, 'hispanic': 0.0014707379549789464, 'white': 0.9974093878157353, 'asian': 0.0011037400973582133}",white
Geoffrey Wodtke,https://sociology.uchicago.edu/directory/geoffrey-wodtke-0,https://socialsciences.uchicago.edu/directory/geoffrey-wodtke,University of Michigan,"{'male': 0.8917393970822038, 'female': 0.0010157018431776257}",male,"{'black': 2.307097509775813e-05, 'hispanic': 0.000487140238022076, 'white': 0.9987042960842459, 'asian': 0.0007854927026339215}",white
John J. Macaloon,https://mapss.uchicago.edu/directory/john-macaloon,https://socialsciences.uchicago.edu/directory/john-j-macaloon,Catholic University,"{'male': 0.0239183819131181, 'female': 0.00020661074256713184}",male,"{'black': 4.376660609093288e-05, 'hispanic': 0.0020730069312566097, 'white': 0.9960621871286433, 'asian': 0.00182103933400919}",white
Gerald N. Rosenberg,https://political-science.uchicago.edu/directory/gerald-n-rosenberg,https://socialsciences.uchicago.edu/directory/gerald-n-rosenberg,Oxford University,"{'male': 0.0001814295388592322, 'female': 7.18372770492352e-05}",male,"{'black': 3.055020191753623e-05, 'hispanic': 0.0013004543392806211, 'white': 0.9943520203247967, 'asian': 0.004316975134005496}",white
